accCrosses,accLB,accThB,aerialsWon,age,assists,bigChanceCreated,blockShots,clearances,crosses,disp,dribbles,errorsSum,fatalError,finalThirdPass,finalThirdPassAcc,fouled,fouls,goals,interceptions,keyPasses,longBall,matchId,mins,offsideWon,offsides,passSucc,passes,penaltyScored,playerId,playerMainPosition,playerName,rate,redCards,seriousError,shots,shotsOT,teamId,teamName,thBall,totalTackles,unsTouches,yelCards
0,0,0,0,31,1,1,0,0,0,1,0,0,0,15,13,1,0,2,1,2,0,60338,90,0,0,85.71,21,0,294,中锋,阿圭罗,9.85,0,0,5,2,11,曼城,0,2,2,0
0,1,0,4,27,1,1,0,1,0,1,3,0,0,14,12,1,3,1,0,2,2,60337,85,0,0,68.75,32,0,1889,中锋,菲尔米诺,9.48,0,0,5,2,13,利物浦,1,1,3,0
0,4,0,1,22,0,0,0,4,3,4,2,0,0,13,8,5,1,2,1,1,4,60340,90,0,0,77.42,31,0,8200,左边锋,理查尔里森,9.37,0,0,3,3,14,埃弗顿,0,4,0,0
0,0,0,3,32,1,1,0,1,3,1,0,0,0,10,5,0,1,2,0,1,0,60339,90,0,1,62.5,16,0,254,中锋,瓦尔迪,9.12,0,0,3,3,10,莱斯特城,0,0,2,0
1,3,0,0,25,1,2,1,2,2,0,2,0,0,12,9,2,1,0,2,2,4,60341,90,0,0,92.31,52,0,10547,左后卫,马苏亚库,8.83,0,0,0,0,16,西汉姆联,0,6,1,0
1,3,0,0,28,1,0,1,0,7,1,0,0,0,12,10,1,0,1,1,2,3,60338,69,0,0,87.88,33,0,1858,前腰,德布劳内,8.44,0,0,4,1,11,曼城,0,2,1,0
0,0,0,2,21,0,1,0,1,0,1,0,0,0,10,9,1,0,2,0,4,0,60342,84,0,2,82.35,17,0,11214,中锋,亚伯拉罕,8.39,0,0,4,3,1,切尔西,1,0,1,0
1,4,1,0,28,0,0,0,2,3,3,2,0,0,29,28,2,0,0,2,5,4,60338,90,0,1,96.49,57,0,263,右边锋,马赫雷斯,8.31,0,0,2,2,11,曼城,1,0,0,0
0,0,0,8,25,0,0,0,0,0,2,2,0,0,16,8,1,1,1,0,0,0,60341,90,0,2,62.16,37,0,7773,中锋,阿莱,8.25,0,0,4,2,16,西汉姆联,0,3,2,0
0,1,0,0,26,0,0,0,1,1,2,6,0,0,29,24,2,0,0,1,3,4,60341,88,1,0,82.35,68,0,2219,左边锋,菲利佩·安德森,8.14,0,0,3,1,16,西汉姆联,0,3,1,0
1,2,0,2,24,1,1,0,0,8,3,4,0,0,23,18,0,1,0,0,2,2,60336,90,0,0,82.35,34,0,7441,右边锋,尼古拉斯·佩佩,8.07,0,0,7,1,12,阿森纳,0,1,3,0
0,2,0,0,22,1,1,0,1,1,1,1,0,0,32,24,1,1,1,0,2,2,60339,90,0,0,80.95,63,0,17306,中场,蒂莱曼斯,8.07,0,0,3,1,10,莱斯特城,1,2,2,0
2,1,0,1,21,0,1,0,1,6,3,0,0,0,19,15,0,2,1,0,2,1,60333,90,0,1,71.43,28,0,20677,左边锋,丹尼尔·詹姆斯,7.93,0,0,5,4,2,曼联,0,2,2,0
0,5,1,0,23,0,1,0,1,0,1,0,0,0,11,8,0,0,0,1,2,5,60338,90,0,0,94.03,67,0,10645,后腰,罗德里,7.93,0,0,0,0,11,曼城,1,6,0,0
0,0,0,0,29,0,0,0,0,0,0,1,0,0,12,10,1,3,1,0,2,0,60341,71,0,0,92.86,28,0,12061,右边锋,亚尔莫连科,7.92,0,0,3,1,16,西汉姆联,0,1,3,0
0,1,0,10,28,0,0,0,11,0,0,0,0,0,3,1,1,1,0,0,0,5,60337,90,2,0,83.75,80,0,6306,中后卫,范迪克,7.9,0,0,1,0,13,利物浦,0,0,0,0
1,1,0,0,27,0,0,0,2,6,3,0,0,0,18,13,1,1,1,1,2,2,60336,90,0,0,83.33,42,0,67,前腰,埃里克森,7.86,0,0,4,4,3,热刺,0,3,0,1
0,1,0,5,28,0,0,0,1,0,4,2,0,0,12,8,2,2,1,0,1,3,60336,67,0,1,77.27,22,0,3007,中锋,拉卡泽特,7.86,0,0,6,3,12,阿森纳,0,2,4,1
0,2,0,2,27,0,0,2,4,0,0,0,0,0,3,3,1,2,1,5,0,3,60333,90,0,0,92.31,39,0,1868,中后卫,维斯特高,7.85,0,0,1,1,15,南安普顿,0,0,1,0
3,0,0,0,26,0,0,0,0,5,2,5,0,0,18,14,1,0,0,2,4,0,60341,90,0,0,88.24,51,0,6320,前腰,兰奇尼,7.84,0,0,4,1,16,西汉姆联,1,0,1,0
3,0,0,1,30,0,0,0,0,5,0,2,0,0,16,12,1,0,1,1,1,0,60336,90,0,0,79.17,24,0,1818,中锋,奥巴梅扬,7.82,0,0,4,1,12,阿森纳,0,2,3,0
0,0,0,0,24,0,0,0,3,0,3,3,0,0,17,6,2,2,1,2,1,2,60334,71,0,0,61.29,31,0,10952,中场,威尔·休斯,7.82,0,0,1,1,207,沃特福德,0,3,4,0
2,3,0,2,22,1,1,3,2,2,1,1,0,0,17,14,2,1,0,3,2,5,60333,82,0,0,76.47,51,0,22156,中场,麦克托米奈,7.78,0,0,1,0,2,曼联,0,2,3,0
0,12,0,0,32,0,0,0,0,0,0,0,0,0,5,1,0,0,0,0,0,23,60336,90,0,0,69.23,39,0,56,门将,洛里,7.72,0,0,0,0,3,热刺,0,0,0,0
0,3,0,2,22,0,0,1,6,0,0,0,0,0,8,5,0,1,0,4,2,8,60339,90,0,0,80.85,47,0,12477,后腰,恩迪迪,7.7,0,0,0,0,10,莱斯特城,0,4,1,0
9,4,0,0,28,0,0,0,1,21,0,0,0,0,25,19,0,3,0,0,6,7,60335,90,0,1,88.89,63,0,12247,后腰,米利沃耶维奇,7.66,0,0,2,2,19,水晶宫,0,0,1,1
0,1,0,1,20,0,0,1,1,0,1,1,0,0,6,4,0,3,0,3,0,1,60341,90,0,0,87.5,32,0,20679,后腰,德克兰·赖斯,7.66,0,0,1,0,16,西汉姆联,0,5,0,0
0,1,0,2,21,0,0,0,0,5,2,3,0,0,19,13,2,0,0,1,1,3,60333,90,0,0,66.67,54,0,20653,右后卫,万·比萨卡,7.65,0,0,1,0,2,曼联,0,10,0,0
0,2,0,0,33,2,1,0,0,2,1,1,0,0,30,25,1,2,0,1,3,3,60338,78,0,0,90.16,61,0,292,前腰,大卫·席尔瓦,7.64,0,0,1,0,11,曼城,1,1,1,0
0,0,0,0,28,0,0,0,0,0,1,1,0,0,10,9,0,1,1,0,1,1,60335,86,0,0,94.44,18,0,3091,中锋,乔丹·阿尤,7.63,0,0,3,1,19,水晶宫,0,2,3,0
3,1,0,2,26,1,0,0,8,5,0,0,0,0,24,17,2,2,0,1,2,1,60340,90,0,0,77.36,53,0,2690,左后卫,迪涅,7.6,0,0,1,0,14,埃弗顿,0,2,0,0
0,4,1,0,20,1,1,0,0,0,0,1,0,0,30,22,2,2,0,2,1,7,60336,90,0,0,82.76,58,0,17242,中场,贡多齐,7.58,0,0,2,1,12,阿森纳,1,3,0,0
1,5,0,1,32,0,0,0,0,1,1,2,0,0,16,12,2,3,0,0,1,6,60341,85,0,0,83.02,53,0,400,中场,诺布尔,7.56,0,0,0,0,16,西汉姆联,0,5,2,0
0,2,0,0,27,0,0,0,0,0,3,2,1,0,15,11,1,0,1,3,1,2,60337,85,0,0,79.31,29,0,6160,左边锋,萨迪奥·马内,7.54,0,1,2,1,13,利物浦,1,0,0,0
0,1,0,2,34,0,0,1,4,0,0,0,0,0,5,2,1,1,0,1,0,3,60338,53,1,0,93.48,46,0,289,后腰,费尔南迪尼奥,7.52,0,0,0,0,11,曼城,0,0,0,0
0,2,0,0,20,0,0,0,1,6,0,2,0,0,15,10,0,2,0,1,3,8,60337,90,1,0,76.74,43,0,19145,右后卫,特伦特·阿诺德,7.51,0,0,0,0,13,利物浦,0,3,0,0
1,1,0,0,23,0,0,0,0,2,2,1,0,0,10,8,0,0,1,0,1,1,60340,76,0,0,76.19,21,0,6288,左边锋,伊沃比,7.46,0,0,1,1,14,埃弗顿,0,4,5,0
0,1,0,2,26,0,0,1,1,0,3,1,0,0,8,4,3,4,1,0,1,2,60336,90,0,0,50.0,14,1,86,中锋,哈里·凯恩,7.45,0,0,3,2,3,热刺,0,0,4,0
1,0,0,1,27,1,1,0,0,2,2,1,0,0,18,13,0,2,0,0,4,0,60337,90,0,1,76.67,30,0,25,右边锋,萨拉赫,7.44,0,0,3,2,13,利物浦,0,0,3,0
0,1,0,2,22,0,0,0,1,1,0,1,0,0,6,6,1,0,0,2,0,2,60341,90,2,0,90.0,30,0,7346,中后卫,伊萨·迪奥普,7.44,0,0,2,2,16,西汉姆联,0,0,0,0
0,1,0,1,29,1,1,0,2,2,1,3,0,0,17,9,0,2,0,1,1,3,60342,90,0,0,77.78,45,0,191,左后卫,恩达·史蒂文斯,7.43,0,0,1,0,507,谢菲尔德联,0,2,1,0
2,5,0,2,21,0,1,1,2,3,1,1,0,0,19,12,2,1,0,1,3,10,60334,90,0,0,79.41,68,0,24869,中场,朗斯塔夫,7.43,0,0,2,1,4,纽卡斯尔,0,2,2,0
0,3,0,3,22,0,0,0,2,2,1,1,0,0,26,22,0,2,0,1,0,3,60338,90,0,0,88.0,75,0,8013,左后卫,津琴科,7.41,0,0,1,0,11,曼城,0,2,1,0
4,1,0,0,30,1,1,0,1,10,1,0,0,0,16,10,1,2,0,0,5,1,60340,90,0,0,72.41,29,0,128,前腰,西古德森,7.4,0,0,2,0,14,埃弗顿,1,1,1,0
0,0,0,2,27,0,0,0,4,1,3,2,0,0,10,8,2,1,0,0,2,0,60336,79,0,1,80.0,25,0,1624,左边锋,孙兴慜,7.37,0,0,2,2,3,热刺,0,0,4,0
0,5,0,0,23,0,0,0,0,0,0,0,0,0,5,0,0,0,0,0,0,21,60333,90,0,0,36.0,25,0,16037,门将,安格斯·冈恩,7.35,0,0,0,0,15,南安普顿,0,0,0,0
0,2,0,3,23,0,0,1,2,0,4,5,0,0,14,8,1,2,0,4,0,4,60339,90,0,0,74.07,54,0,11323,中场,菲利普·比林,7.35,0,0,1,0,208,伯恩茅斯,0,3,5,1
0,6,1,0,27,0,0,0,3,1,1,2,0,0,24,17,2,1,0,2,1,12,60342,90,0,0,84.88,86,0,2409,后腰,若日尼奥,7.34,0,0,0,0,1,切尔西,3,4,0,0
2,0,0,0,24,0,0,0,3,3,3,2,0,0,15,12,4,2,0,1,2,0,60335,90,0,0,80.95,21,0,12292,中场,约翰·麦克金,7.34,0,0,0,0,7,阿斯顿维拉,0,4,1,0
0,2,0,2,31,0,0,0,3,0,0,0,0,0,3,1,0,0,0,0,0,7,60341,90,0,0,73.68,19,0,88,门将,克鲁尔,7.33,0,0,0,0,209,诺维奇,0,0,0,0
0,0,0,0,25,0,0,2,2,0,1,1,0,0,18,14,0,1,0,5,1,3,60339,90,0,0,84.31,51,0,3251,右后卫,里卡多·佩雷拉,7.33,0,0,0,0,10,莱斯特城,0,4,2,0
0,5,0,3,27,0,0,0,0,0,0,0,0,0,15,8,1,0,1,2,0,14,60334,85,0,0,67.24,58,0,6891,中后卫,法比安·舍尔,7.32,0,0,2,1,4,纽卡斯尔,0,3,0,0
0,7,0,1,32,0,0,0,1,0,0,0,0,0,4,1,0,0,0,0,0,21,60337,90,0,0,61.11,36,0,395,门将,阿德里安,7.32,0,0,0,0,13,利物浦,0,0,0,0
0,2,0,3,33,0,0,2,8,0,0,0,0,0,9,5,0,1,0,0,0,6,60335,90,0,0,87.23,47,0,3,中后卫,卡希尔,7.22,0,0,1,0,19,水晶宫,0,0,3,0
1,2,0,0,26,0,1,1,1,2,1,0,0,0,12,8,6,1,0,0,1,3,60335,84,0,0,78.26,23,0,247,左中场,施鲁普,7.22,0,0,3,1,19,水晶宫,0,3,2,0
0,0,0,0,26,0,0,0,0,3,3,3,0,0,21,17,3,4,0,1,1,0,60335,90,0,0,88.57,35,0,53,右边锋,扎哈,7.21,0,0,2,0,19,水晶宫,0,2,2,0
0,6,0,7,26,0,0,2,9,0,0,0,0,0,3,2,1,1,0,2,0,11,60340,90,0,0,80.43,46,0,6165,中后卫,迈克尔·基恩,7.2,0,0,1,0,14,埃弗顿,0,0,0,0
0,4,0,3,24,0,0,0,3,0,3,0,0,0,20,15,2,1,0,6,1,7,60333,90,0,0,75.44,57,0,1551,中场,赫伊别尔,7.19,0,0,2,0,15,南安普顿,0,2,2,0
0,3,0,1,26,0,0,0,2,0,0,0,0,0,3,0,0,0,0,0,0,8,60338,90,0,0,73.91,23,0,3295,门将,埃德森,7.18,0,0,0,0,11,曼城,0,0,0,0
0,4,0,2,25,0,0,0,0,0,0,0,0,0,8,7,1,3,0,2,1,9,60337,90,0,0,82.26,62,0,2983,后腰,法比尼奥,7.17,0,0,1,0,13,利物浦,0,3,1,0
0,3,1,2,22,1,0,0,2,1,1,0,0,0,14,8,2,0,0,0,2,3,60339,90,0,0,76.56,64,0,10353,左后卫,本·奇尔维尔,7.14,0,0,0,0,10,莱斯特城,1,1,0,0
1,7,0,2,26,0,0,0,3,1,0,1,0,0,20,14,0,3,0,0,1,11,60340,90,0,0,85.19,54,0,817,中场,安德烈·戈麦斯,7.13,0,0,0,0,14,埃弗顿,0,4,1,0
3,1,0,0,27,0,0,0,0,7,0,3,0,0,16,13,2,1,0,0,3,2,60334,82,0,1,77.42,31,0,13,左边锋,阿特苏,7.13,0,0,1,1,4,纽卡斯尔,0,0,0,0
0,3,0,0,31,0,0,1,5,0,0,0,0,0,3,2,0,1,0,2,0,9,60338,90,2,0,86.67,60,0,801,中后卫,奥塔门迪,7.11,0,0,0,0,11,曼城,0,1,1,0
1,0,0,0,21,0,0,0,3,3,3,4,0,0,13,10,6,0,0,1,1,2,60341,90,0,0,88.64,44,0,25333,左后卫,贾马尔·刘易斯,7.11,0,0,0,0,209,诺维奇,0,1,0,0
1,13,0,1,28,0,0,0,1,4,0,0,0,0,14,9,0,1,0,1,1,17,60342,90,0,0,87.3,63,0,11006,中场,诺伍德,7.11,0,0,1,1,507,谢菲尔德联,0,4,1,0
0,6,0,5,24,0,0,0,6,0,0,0,0,0,9,3,0,0,0,1,0,12,60340,90,1,0,70.83,48,0,8133,中后卫,耶里·米纳,7.09,0,0,3,2,14,埃弗顿,0,2,0,0
0,1,0,6,27,0,0,2,0,0,0,0,0,0,13,6,0,1,0,2,0,8,60334,90,0,0,70.91,55,0,93,左后卫,杜梅特,7.09,0,0,1,1,4,纽卡斯尔,0,3,0,1
0,1,0,1,31,0,0,0,0,1,1,1,0,0,13,8,2,1,0,1,2,3,60335,90,0,0,77.42,31,0,6162,中场,麦克阿瑟,7.09,0,0,2,0,19,水晶宫,0,4,4,0
0,1,0,4,31,0,0,1,8,0,0,0,0,0,1,1,0,0,0,0,0,3,60339,90,0,0,89.83,59,0,31,中后卫,乔尼·埃文斯,7.08,0,0,0,0,10,莱斯特城,0,2,0,0
0,0,0,1,24,0,0,0,2,2,1,0,0,0,9,9,0,1,1,1,0,0,60342,90,0,0,100.0,21,0,6353,左边锋,卡勒姆·罗宾逊,7.07,0,0,4,1,507,谢菲尔德联,0,0,1,0
0,3,0,7,25,0,0,0,5,0,0,0,0,0,8,5,0,0,0,1,1,6,60333,90,0,0,81.54,65,0,7506,中后卫,林德洛夫,7.06,0,0,0,0,2,曼联,0,1,1,0
0,2,0,1,32,0,0,0,1,0,0,0,0,0,4,0,1,0,0,0,0,9,60335,90,0,0,63.16,19,0,923,门将,瓜伊塔,7.05,0,0,0,0,19,水晶宫,0,0,0,0
0,5,0,3,28,0,0,1,2,0,0,0,0,0,10,2,3,2,0,1,0,15,60337,90,2,0,66.13,62,0,1586,中后卫,马蒂普,7.04,0,0,0,0,13,利物浦,0,0,0,0
0,3,0,3,28,0,0,1,4,1,0,0,0,0,3,0,0,0,0,6,0,5,60339,90,1,0,82.86,35,0,6409,中后卫,史蒂夫·库克,7.04,0,0,0,0,208,伯恩茅斯,0,2,0,0
2,1,0,1,30,0,1,0,1,4,0,1,0,0,14,9,0,1,0,2,2,4,60342,90,0,0,82.61,92,0,19,右后卫,阿斯皮利奎塔,7.03,0,0,0,0,1,切尔西,0,3,1,0
2,2,0,0,22,0,0,1,1,3,0,1,0,0,16,15,0,0,0,3,3,2,60336,90,0,0,88.89,45,0,20652,右中场,奈尔斯,7.03,0,0,1,0,12,阿森纳,0,2,1,0
0,7,0,1,36,0,0,0,2,0,0,1,0,0,5,1,0,0,0,0,0,30,60334,90,0,0,36.11,36,0,199,门将,本·福斯特,7.03,0,0,0,0,207,沃特福德,0,0,0,0
1,3,0,0,29,0,0,0,4,1,0,0,0,0,17,15,2,0,0,1,1,4,60335,90,0,0,88.37,43,0,485,右后卫,乔尔·沃德,7.02,0,0,0,0,19,水晶宫,0,0,0,0
0,3,0,0,27,0,0,0,1,0,0,0,0,0,13,9,0,2,0,2,1,8,60333,90,0,0,77.78,45,0,7,后腰,罗梅乌,7.02,0,0,1,0,15,南安普顿,0,6,0,0
0,2,0,10,28,1,2,1,7,0,0,2,0,0,8,4,1,4,0,3,2,6,60340,95,0,0,70.59,34,0,6223,中后卫,维利·博利,7.02,1,0,0,0,269,狼队,0,2,1,2
0,16,0,0,34,0,0,0,0,0,0,0,0,0,5,3,0,0,0,0,0,22,60341,90,0,0,76.92,26,0,119,门将,法比安斯基,7.01,0,0,0,0,16,西汉姆联,0,0,0,0
0,3,0,4,28,0,0,2,3,0,0,0,0,0,0,0,0,0,0,3,0,5,60334,90,1,0,70.97,31,0,9292,中后卫,卡巴塞莱,7.01,0,0,0,0,207,沃特福德,0,1,0,0
0,1,0,3,29,0,0,0,1,0,0,0,0,0,3,0,0,1,1,2,0,4,60340,59,0,0,57.69,26,0,7425,后腰,罗曼·赛斯,7.01,0,0,2,2,269,狼队,0,1,2,0
0,0,0,3,21,0,0,0,0,1,1,2,0,0,9,5,3,1,0,0,2,0,60333,90,0,0,61.9,21,0,6274,中锋,拉什福德,6.99,0,0,6,2,2,曼联,0,0,4,0
0,2,0,8,29,0,0,0,7,0,0,0,0,0,11,3,0,2,0,0,0,8,60334,90,3,0,70.83,48,0,212,中后卫,克雷格·道森,6.99,0,0,2,0,207,沃特福德,0,1,0,1
0,1,0,1,23,0,0,0,1,4,0,1,0,0,11,10,5,0,0,0,2,1,60336,27,0,0,89.47,19,0,6522,中场,塞瓦略斯,6.98,0,0,2,1,12,阿森纳,0,1,0,0
0,1,0,0,28,0,0,0,0,0,0,1,0,0,12,10,1,0,0,0,1,1,60337,90,0,0,86.36,44,0,4003,中场,维纳尔杜姆,6.98,0,0,1,1,13,利物浦,0,1,0,0
0,2,0,3,23,0,0,0,1,1,2,4,0,0,10,4,3,0,0,2,0,4,60340,90,0,0,63.64,22,0,6352,右边锋,阿达马·特劳雷,6.98,0,0,0,0,269,狼队,0,2,1,0
0,0,0,0,24,0,1,0,0,1,2,1,0,0,16,10,0,1,0,0,1,0,60338,90,0,0,78.13,32,0,348,左边锋,斯特林,6.97,0,0,0,0,11,曼城,0,1,3,0
0,0,0,0,25,0,0,0,1,0,0,0,0,0,3,3,0,1,1,0,0,0,60338,12,0,0,100.0,6,0,2971,右边锋,贝尔纳多·席尔瓦,6.97,0,0,1,1,11,曼城,0,0,0,0
1,2,0,1,20,0,0,0,1,3,2,2,0,0,9,9,1,2,0,1,1,2,60342,90,0,0,85.71,28,0,24823,前腰,梅森·芒特,6.96,0,0,2,0,1,切尔西,0,1,1,0
0,1,0,1,28,0,0,0,0,0,6,1,0,0,10,5,2,0,1,1,0,2,60340,90,0,2,64.0,25,0,2078,中锋,劳尔·希门尼斯,6.96,0,0,2,2,269,狼队,0,0,6,1
0,0,0,1,27,0,0,0,0,1,2,1,0,0,10,9,1,3,1,1,2,0,60339,90,0,1,82.35,17,0,6432,中锋,卡勒姆·威尔逊,6.95,0,0,1,1,208,伯恩茅斯,0,0,1,1
0,1,0,2,24,1,1,0,1,1,1,1,0,0,10,7,0,1,0,1,1,4,60334,90,0,0,87.76,49,0,6268,后腰,伊萨克·海登,6.94,0,0,2,1,4,纽卡斯尔,0,1,0,1
0,1,0,9,26,0,0,1,4,0,1,1,1,0,8,2,1,1,0,3,0,7,60337,90,0,0,57.14,35,0,6470,中后卫,塔科夫斯基,6.94,0,1,1,0,20,伯恩利,0,4,0,0
1,0,0,0,23,0,0,0,1,2,0,1,0,0,8,6,4,0,0,1,2,0,60336,63,0,0,84.85,33,0,7080,后腰,托雷拉,6.94,0,0,1,0,12,阿森纳,0,3,1,0
0,2,0,2,25,0,0,1,5,0,1,1,0,0,3,3,0,0,0,3,1,3,60334,90,0,0,71.43,42,0,6328,中后卫,拉塞尔斯,6.94,0,0,0,0,4,纽卡斯尔,0,0,0,0
0,1,0,0,23,0,0,2,0,1,1,1,0,0,9,7,1,3,0,1,2,4,60336,90,0,0,91.89,37,0,10753,中场,温克斯,6.92,0,0,0,0,3,热刺,0,6,0,1
1,4,0,0,29,0,1,0,1,5,0,0,0,0,14,9,1,2,0,0,2,6,60337,71,0,0,70.97,31,0,331,中场,亨德森,6.9,0,0,0,0,13,利物浦,0,1,0,0
0,0,0,4,29,0,0,0,0,1,0,0,0,0,11,6,1,3,0,0,1,2,60335,90,0,0,66.67,27,0,396,后腰,库亚特,6.9,0,0,6,1,19,水晶宫,0,2,0,1
0,1,0,3,30,0,0,1,6,0,0,0,0,0,5,1,0,1,0,1,0,5,60334,90,2,0,88.0,50,0,6365,中后卫,卡斯卡特,6.9,0,0,0,0,207,沃特福德,0,3,0,1
0,4,0,1,25,0,0,0,4,0,1,0,0,0,14,9,0,0,0,4,0,7,60335,90,0,0,90.91,66,0,16299,中后卫,恩格斯,6.9,0,0,0,0,7,阿斯顿维拉,0,1,0,0
0,1,0,7,23,0,0,0,1,0,1,1,0,0,9,5,0,1,0,1,1,1,60342,63,0,0,53.33,15,0,11376,中锋,麦克伯尼,6.89,0,0,0,0,507,谢菲尔德联,0,1,1,1
0,1,0,2,23,0,0,1,8,0,0,0,0,0,2,0,0,0,0,1,0,7,60333,90,1,0,78.0,50,0,24127,中后卫,贝德纳雷克,6.88,0,0,0,0,15,南安普顿,0,3,0,0
1,0,1,0,25,1,1,0,0,7,4,1,0,0,23,16,1,0,0,1,3,1,60339,90,0,0,76.0,50,0,6426,左边锋,瑞安·弗雷泽,6.88,0,0,2,0,208,伯恩茅斯,1,1,1,0
0,6,0,0,23,0,0,0,3,1,0,1,1,0,5,2,1,0,0,1,0,15,60339,90,1,0,82.93,82,0,8981,中后卫,瑟因居,6.87,0,1,1,0,10,莱斯特城,0,5,0,0
3,4,0,3,30,0,0,0,0,5,1,1,0,0,13,12,1,1,0,0,2,4,60334,90,0,0,93.33,60,0,47,中场,克莱维利,6.86,0,0,3,0,207,沃特福德,0,1,3,0
0,3,0,1,22,0,0,0,0,3,1,1,0,0,18,12,4,3,0,0,1,4,60339,86,0,0,77.5,40,0,6399,前腰,詹姆斯·麦迪逊,6.85,0,0,3,0,10,莱斯特城,1,3,2,0
0,3,1,1,26,0,0,0,0,0,3,3,0,0,18,14,3,1,0,0,4,8,60333,90,0,0,80.65,62,0,2112,中场,博格巴,6.85,0,0,0,0,2,曼联,1,0,4,0
0,3,0,1,31,0,0,0,1,0,0,0,0,0,4,2,0,1,0,0,0,5,60341,90,0,0,80.77,26,0,2121,中后卫,奥邦纳,6.85,0,0,0,0,16,西汉姆联,0,3,0,0
0,1,0,3,28,0,0,0,1,1,0,3,0,0,8,4,2,2,0,1,0,3,60339,64,0,0,70.59,34,0,6419,右后卫,亚当·史密斯,6.82,0,0,1,0,208,伯恩茅斯,0,1,0,0
1,2,0,1,29,0,0,1,3,3,2,0,0,0,19,11,0,0,0,0,1,2,60335,90,0,0,77.27,44,0,421,左后卫,范安霍尔特,6.82,0,0,2,0,19,水晶宫,0,2,1,0
1,0,0,2,27,0,0,0,0,2,0,1,0,0,12,3,2,0,0,0,1,2,60333,77,0,0,23.53,17,0,503,中锋,丹尼·因斯,6.82,0,0,2,1,15,南安普顿,0,3,3,0
0,0,0,0,19,0,1,0,2,2,3,6,0,0,6,5,1,1,0,0,1,1,60341,90,0,0,82.76,29,0,51375,右后卫,马克斯·阿伦斯,6.81,0,0,1,0,209,诺维奇,0,1,2,1
0,1,0,1,29,0,0,0,4,0,0,0,0,0,0,0,0,1,0,2,0,1,60335,79,0,0,100.0,21,0,329,中后卫,马丁·凯利,6.81,0,0,0,0,19,水晶宫,0,0,1,0
0,2,0,1,25,0,0,0,2,5,0,0,0,0,17,13,0,0,0,2,0,8,60337,90,0,0,80.3,66,0,459,左后卫,罗伯逊,6.81,0,0,0,0,13,利物浦,0,0,2,0
0,2,0,1,26,0,0,2,7,1,1,0,0,0,6,4,0,0,0,2,0,6,60335,90,2,0,84.91,53,0,6413,中后卫,泰隆·明斯,6.81,0,0,0,0,7,阿斯顿维拉,0,0,0,0
1,1,0,3,24,0,0,0,1,4,3,1,1,0,7,5,2,3,0,5,1,3,60335,90,0,0,78.57,28,0,7337,右后卫,吉尔伯特,6.79,0,1,2,0,7,阿斯顿维拉,0,3,2,1
0,12,0,1,25,0,0,0,0,0,0,0,0,0,12,4,0,0,0,0,0,23,60340,90,0,0,66.67,33,0,6355,门将,皮克福德,6.79,0,0,0,0,14,埃弗顿,0,0,0,0
0,6,0,1,29,0,0,0,2,0,0,0,0,0,16,12,1,2,0,3,0,8,60340,90,0,0,85.48,62,0,193,中场,德尔夫,6.77,0,0,0,0,14,埃弗顿,0,4,2,1
1,3,0,2,28,0,0,0,3,5,1,0,0,0,10,6,0,0,0,2,0,6,60333,90,0,0,76.67,30,0,3285,右后卫,塞德里克,6.77,0,0,0,0,15,南安普顿,0,2,0,0
0,1,0,4,31,0,0,0,7,0,0,0,0,0,9,6,1,0,0,2,0,7,60337,90,0,0,63.16,38,0,161,左后卫,埃里克·彼得斯,6.75,0,0,0,0,20,伯恩利,0,4,1,0
0,0,0,0,25,0,0,0,2,4,1,2,0,0,13,9,2,0,0,1,0,2,60334,90,0,0,86.84,38,0,3985,左后卫,杰特罗·威廉斯,6.74,0,0,1,0,4,纽卡斯尔,0,2,0,0
0,4,0,2,21,0,0,0,3,0,0,0,0,0,7,5,1,1,0,1,0,5,60335,71,0,0,89.29,28,0,19710,中场,道格拉斯·路易斯,6.72,0,0,1,0,7,阿斯顿维拉,0,2,1,1
0,0,0,4,22,0,0,0,1,0,2,0,0,0,7,6,0,1,0,1,0,0,60335,85,0,0,86.67,15,0,16312,中锋,韦斯利,6.71,0,0,2,1,7,阿斯顿维拉,0,2,2,0
0,9,0,3,26,0,0,0,1,0,0,1,0,0,25,22,3,7,0,2,3,11,60336,90,0,0,86.76,68,0,1634,后腰,扎卡,6.71,0,0,1,1,12,阿森纳,1,1,1,1
1,0,0,2,21,0,1,0,0,3,0,0,0,0,1,1,4,1,0,0,1,0,60340,68,0,0,77.78,9,0,19552,中锋,库特罗内,6.7,0,0,3,1,269,狼队,0,0,1,0
0,0,0,1,19,1,1,0,0,0,3,1,0,0,5,5,1,1,0,1,1,0,60340,76,0,1,100.0,6,0,20774,中锋,莫伊塞·基恩,6.69,0,0,2,0,14,埃弗顿,0,1,7,0
0,5,0,2,25,0,0,0,2,3,0,0,0,0,12,11,1,0,0,5,0,7,60342,90,0,0,86.25,80,0,5710,左后卫,埃莫森,6.66,0,0,0,0,1,切尔西,0,0,1,0
0,5,0,0,33,0,0,0,1,0,0,0,0,0,6,1,0,0,0,0,0,18,60335,90,0,0,60.61,33,0,494,门将,汤姆·希顿,6.66,0,0,0,0,7,阿斯顿维拉,0,0,0,0
0,4,0,0,29,0,0,0,2,0,1,0,0,0,18,12,0,1,0,0,0,8,60338,90,0,0,87.5,64,0,78,右后卫,凯尔·沃克,6.66,0,0,0,0,11,曼城,0,0,1,0
0,2,0,0,30,0,0,0,1,0,0,0,0,0,0,0,0,0,0,0,0,15,60334,90,0,0,27.78,18,0,17340,门将,杜布拉夫卡,6.65,0,0,0,0,4,纽卡斯尔,0,0,0,0
0,0,0,1,25,0,0,0,1,2,2,2,0,0,13,8,3,0,0,0,1,1,60334,90,0,5,79.41,34,0,8503,前腰,阿尔米隆,6.65,0,0,1,0,4,纽卡斯尔,0,3,3,0
0,5,0,0,24,0,0,0,1,0,0,3,0,0,18,11,1,1,0,4,0,8,60339,90,0,0,78.95,57,0,9809,后腰,莱尔马,6.64,0,0,1,0,208,伯恩茅斯,0,1,2,1
2,0,0,0,27,0,1,0,0,3,0,1,0,0,3,3,1,0,0,0,2,0,60341,12,0,0,100.0,6,0,22335,中场,麦克莱恩,6.63,0,0,0,0,209,诺维奇,0,0,0,0
0,0,0,0,21,0,0,0,0,0,4,2,0,0,13,9,2,0,0,1,0,2,60342,90,0,0,82.86,35,0,6874,右边锋,普利西奇,6.61,0,0,1,1,1,切尔西,0,2,3,0
0,6,0,0,25,0,0,0,1,0,0,1,0,0,12,7,1,1,0,5,0,8,60342,90,0,0,79.17,48,0,16801,中场,伦德斯特拉姆,6.61,0,0,0,0,507,谢菲尔德联,0,0,0,0
0,0,0,0,33,0,0,1,0,1,1,0,0,0,5,4,0,1,0,1,0,1,60340,31,0,0,78.57,14,0,2986,中场,穆蒂尼奥,6.59,0,0,0,0,269,狼队,0,4,1,0
0,3,0,1,32,0,0,0,2,0,0,0,0,0,11,8,0,0,0,1,0,8,60336,90,1,0,82.93,41,0,2701,中后卫,大卫·路易斯,6.59,0,0,0,0,12,阿森纳,0,4,1,0
0,2,0,0,27,0,0,0,1,0,0,0,1,1,0,0,0,0,0,0,0,7,60336,90,0,0,64.29,14,0,1599,门将,莱诺,6.58,0,0,0,0,12,阿森纳,0,0,0,0
2,1,0,0,26,0,0,0,1,3,1,1,0,0,22,19,0,0,0,0,2,1,60336,90,0,2,92.0,50,0,1573,左后卫,科拉希纳茨,6.58,0,0,1,0,12,阿森纳,0,2,1,0
0,0,0,1,27,0,0,0,1,2,6,1,0,0,12,11,2,0,0,3,1,1,60342,79,0,0,88.46,26,0,11196,前腰,卢克·弗里曼,6.57,0,0,1,0,507,谢菲尔德联,0,2,0,0
0,1,0,0,26,0,0,0,0,0,0,1,0,0,10,9,0,0,0,0,0,2,60337,19,0,0,90.0,20,0,305,中场,张伯伦,6.57,0,0,1,1,13,利物浦,0,1,1,0
0,1,0,0,28,0,0,0,0,0,1,0,0,0,16,11,2,0,0,0,3,2,60334,90,0,0,81.48,54,0,2127,前腰,罗伯特·佩雷拉,6.57,0,0,1,1,207,沃特福德,0,2,3,0
0,3,1,1,21,0,0,1,0,0,0,0,0,0,3,3,1,0,0,0,1,6,60342,90,0,0,94.9,98,0,19804,中后卫,费卡约·托莫里,6.57,0,0,0,0,1,切尔西,1,3,0,0
0,4,0,4,29,0,0,1,5,1,0,0,0,0,7,5,0,1,0,1,1,8,60340,90,1,0,82.86,35,0,6387,中后卫,瑞恩·本内特,6.56,0,0,0,0,269,狼队,0,3,1,1
0,3,0,1,22,0,0,1,0,5,6,3,0,0,27,21,0,1,0,1,0,5,60341,90,0,0,79.31,58,0,6624,右边锋,布恩迪亚,6.56,0,0,0,0,209,诺维奇,0,0,4,0
0,0,0,3,24,0,0,0,1,0,1,1,0,0,7,4,0,0,0,2,0,1,60340,90,0,0,55.56,27,0,11910,后腰,登东克尔,6.54,0,0,0,0,269,狼队,0,1,0,0
0,2,0,3,26,0,0,0,2,2,0,0,1,0,9,5,0,3,0,1,1,5,60341,90,0,0,71.79,39,0,10989,右后卫,弗雷德里克斯,6.53,0,1,0,0,16,西汉姆联,0,2,2,1
0,1,0,2,31,0,1,2,3,0,0,0,0,0,5,2,1,1,0,1,1,5,60342,84,2,0,73.33,30,0,17836,中后卫,克里斯·巴沙姆,6.53,0,0,1,0,507,谢菲尔德联,0,1,1,0
0,0,0,1,21,0,0,0,1,0,1,2,0,0,4,4,0,0,0,0,1,0,60335,31,0,0,88.89,9,0,20662,中锋,凯南·戴维斯,6.53,0,0,0,0,7,阿斯顿维拉,0,1,0,0
0,3,0,3,26,0,0,0,1,0,0,0,0,0,11,11,0,0,0,2,1,4,60333,90,0,0,92.65,68,0,458,中后卫,哈里·马奎尔,6.53,0,0,0,0,2,曼联,0,1,0,1
0,0,0,4,27,0,0,0,0,0,3,2,0,0,11,9,1,2,0,0,2,0,60339,79,0,0,76.19,21,0,6429,影子前锋,约书亚·金,6.52,0,0,0,0,208,伯恩茅斯,0,0,4,0
0,1,0,1,31,0,0,0,0,1,0,3,0,0,11,9,0,0,0,0,0,2,60342,30,0,0,81.48,27,0,10,右边锋,威廉,6.51,0,0,0,0,1,切尔西,0,0,0,0
0,0,0,1,23,0,0,0,0,0,0,1,0,0,2,2,0,0,0,1,1,0,60342,11,0,0,66.67,3,0,9295,中锋,穆塞特,6.5,0,0,0,0,507,谢菲尔德联,0,0,0,0
1,1,0,0,29,0,0,0,0,3,0,1,0,0,8,3,1,1,0,1,2,3,60339,64,0,1,56.0,25,0,251,右中场,奥尔布莱顿,6.49,0,0,1,0,10,莱斯特城,0,1,1,1
0,2,0,2,29,0,0,1,5,1,1,0,0,0,2,2,1,2,0,1,0,2,60336,90,1,0,87.1,31,0,76,左后卫,丹尼·罗斯,6.49,0,0,1,0,3,热刺,0,1,0,1
0,9,0,0,22,0,0,0,1,0,0,0,0,0,9,2,0,0,0,0,0,25,60342,90,0,0,52.94,34,0,18167,门将,迪恩·亨德森,6.49,0,0,0,0,507,谢菲尔德联,0,0,0,0
0,1,0,0,31,0,0,0,0,0,0,0,0,0,13,11,1,0,0,0,3,2,60333,68,0,0,86.67,30,0,49,前腰,胡安·马塔,6.49,0,0,1,0,2,曼联,0,2,0,0
2,1,0,2,19,0,0,0,1,8,0,3,0,0,8,3,1,0,0,1,1,4,60337,90,0,0,58.33,24,0,46259,左边锋,麦克尼尔,6.49,0,0,2,0,20,伯恩利,0,0,2,0
0,2,0,1,26,0,0,0,2,0,0,0,0,0,5,4,1,3,0,1,0,2,60341,90,0,0,97.06,68,0,10392,后腰,特里布尔,6.48,0,0,0,0,209,诺维奇,0,4,1,0
0,0,0,1,25,0,0,0,0,0,0,0,0,0,2,1,1,0,0,0,1,0,60342,6,0,0,60.0,5,0,11067,左中场,本·奥斯本,6.47,0,0,0,0,507,谢菲尔德联,0,2,0,0
0,1,0,1,21,0,0,0,0,1,0,1,0,0,7,6,0,1,0,0,1,1,60339,71,0,0,82.35,17,0,20360,前腰,哈维·巴恩斯,6.47,0,0,1,1,10,莱斯特城,1,0,3,0
0,0,0,0,28,0,0,0,0,0,0,0,0,0,3,2,0,0,0,1,1,0,60335,6,0,0,75.0,4,0,85,右边锋,汤森德,6.46,0,0,0,0,19,水晶宫,0,3,0,0
1,4,0,0,28,0,0,0,2,1,0,0,0,0,13,11,1,0,0,1,1,4,60338,90,0,0,89.58,48,0,792,右后卫,蒙托亚,6.44,0,0,0,0,263,布莱顿,0,5,0,0
1,5,0,1,22,0,0,1,3,8,0,1,0,0,10,6,0,1,0,1,0,10,60340,84,0,0,63.64,44,0,3260,后腰,内维斯,6.43,0,0,1,0,269,狼队,0,0,0,0
0,0,0,0,25,0,0,0,0,2,0,2,0,0,2,2,0,0,0,0,0,0,60334,12,0,0,100.0,4,0,545,右后卫,曼基略,6.43,0,0,0,0,4,纽卡斯尔,0,1,1,0
0,0,0,2,25,0,0,0,0,1,2,0,0,0,8,5,0,0,0,0,0,1,60342,60,0,0,78.79,33,0,359,中场,罗斯·巴克利,6.42,0,0,4,1,1,切尔西,0,1,2,0
0,0,0,0,30,0,0,1,3,2,0,0,0,0,7,4,1,1,0,2,0,5,60335,90,0,0,70.37,27,0,123,左后卫,尼尔·泰勒,6.42,0,0,0,0,7,阿斯顿维拉,0,3,1,1
0,1,0,1,26,0,1,0,0,3,3,2,0,0,7,6,0,3,0,0,1,2,60333,71,0,0,70.59,17,0,7330,左边锋,布法尔,6.4,0,0,3,0,15,南安普顿,0,2,6,0
0,5,0,0,25,0,0,0,1,1,0,2,1,0,13,10,1,1,0,0,0,8,60342,83,0,0,92.06,63,0,2452,中场,科瓦契奇,6.4,0,1,1,0,1,切尔西,0,2,1,0
0,1,0,4,24,0,0,0,3,2,0,0,0,0,13,9,1,0,0,2,0,1,60339,90,0,0,80.85,47,0,1531,中后卫,纳坦·阿克,6.4,0,0,0,0,208,伯恩茅斯,0,1,1,0
1,0,0,1,28,0,0,0,1,2,1,0,0,0,7,6,0,1,0,2,1,0,60334,90,0,0,88.1,42,0,9350,右后卫,基科·费梅尼亚,6.39,0,0,1,0,207,沃特福德,0,0,2,0
0,3,0,1,30,0,0,1,0,0,2,1,0,0,8,4,1,3,0,1,0,4,60336,90,0,0,76.32,38,0,95,中场,穆萨·西索科,6.39,0,0,2,0,3,热刺,1,1,0,0
0,0,0,0,23,0,0,0,0,0,0,1,0,0,9,8,0,0,0,1,1,0,60339,26,0,0,90.0,20,0,6335,左边锋,格雷,6.38,0,0,1,0,10,莱斯特城,0,0,2,0
0,4,0,5,25,0,0,0,4,1,0,0,1,1,10,7,0,0,0,4,0,9,60342,90,0,0,82.0,50,0,17830,中后卫,杰克·奥康奈尔,6.38,0,0,0,0,507,谢菲尔德联,0,1,0,0
0,2,0,0,20,0,0,1,0,3,4,2,0,0,8,3,1,2,0,1,0,6,60340,90,0,0,62.07,29,0,15961,左后卫,维纳格雷,6.36,0,0,0,0,269,狼队,0,4,1,1
0,3,0,1,28,0,0,0,1,0,0,0,0,0,1,0,0,0,0,0,0,10,60333,90,0,0,66.67,21,0,29,门将,德赫亚,6.35,0,0,0,0,2,曼联,0,0,0,0
0,0,0,1,26,0,0,0,2,0,0,0,0,0,12,6,0,1,0,2,0,2,60334,71,0,0,84.13,63,0,2788,中场,杜库雷,6.35,0,0,1,0,207,沃特福德,0,1,0,1
0,1,0,2,26,0,0,1,1,0,0,0,0,0,1,1,0,1,0,1,0,1,60341,54,1,0,88.89,18,0,7329,后腰,阿马杜,6.35,0,0,0,0,209,诺维奇,0,0,0,0
0,3,0,1,28,0,0,0,1,0,0,0,0,0,1,0,0,0,0,0,0,10,60333,90,0,0,66.67,21,0,29,门将,德赫亚,6.35,0,0,0,0,2,曼联,0,0,0,0
0,3,0,1,30,0,0,2,2,2,1,0,0,0,16,12,0,2,0,1,0,8,60334,90,0,0,80.49,41,0,109,右后卫,扬马特,6.34,0,0,1,0,207,沃特福德,0,1,3,0
0,0,0,0,29,0,0,0,0,0,2,1,0,0,4,3,0,1,0,0,0,0,60341,90,0,1,75.0,8,0,12419,中锋,泰穆·普基,6.34,0,0,2,2,209,诺维奇,0,1,0,0
0,0,0,2,28,0,0,0,0,1,1,1,0,0,6,3,0,1,0,0,0,0,60334,82,0,0,63.64,11,0,6477,中锋,安德烈·格雷,6.34,0,0,1,0,207,沃特福德,0,1,3,0
0,1,0,0,24,0,0,0,0,2,1,3,0,0,7,4,0,1,0,0,0,1,60338,74,0,0,64.29,14,0,16765,左边锋,特罗萨德,6.34,0,0,3,2,263,布莱顿,1,2,2,0
0,0,0,3,32,0,0,0,2,1,1,0,0,0,4,3,0,3,0,0,0,0,60333,28,0,0,69.23,13,0,453,中锋,肖恩·朗,6.34,0,0,0,0,15,南安普顿,0,2,1,0
0,11,0,8,24,0,0,0,6,0,0,0,0,0,1,0,1,0,0,0,0,16,60342,90,0,0,91.35,104,0,17,中后卫,祖马,6.33,0,0,1,0,1,切尔西,0,0,0,0
0,0,0,2,23,0,0,0,1,0,3,0,0,0,7,3,2,0,0,0,0,0,60333,68,0,0,71.43,21,0,6273,前腰,佩雷拉,6.33,0,0,1,1,2,曼联,0,1,2,0
0,5,0,1,30,0,0,1,7,0,0,0,0,0,3,0,0,1,0,0,0,11,60336,90,1,0,74.47,47,0,542,中后卫,阿尔德韦雷尔德,6.31,0,0,0,0,3,热刺,0,1,0,0
1,0,0,0,23,0,0,0,1,2,1,0,0,0,3,3,1,0,0,0,0,0,60339,26,0,0,86.67,15,0,6286,右边锋,乔丹·伊比,6.31,0,0,0,0,208,伯恩茅斯,0,2,0,0
0,1,0,0,28,0,0,0,0,0,2,1,0,0,13,8,2,1,0,0,0,1,60341,77,0,0,79.31,29,0,25059,前腰,斯蒂佩尔曼,6.31,0,0,2,1,209,诺维奇,1,3,2,0
0,0,0,0,27,0,0,0,0,2,0,0,0,0,8,7,1,1,0,0,1,1,60336,60,0,0,89.47,19,0,70,右边锋,拉梅拉,6.3,0,0,1,1,3,热刺,0,0,1,1
0,1,0,0,27,0,0,0,0,1,2,2,0,0,7,4,0,0,0,0,0,2,60340,14,0,0,63.64,11,0,18719,左边锋,伯纳德,6.3,0,0,0,0,14,埃弗顿,0,0,0,0
1,3,0,0,24,0,0,1,1,4,0,0,0,0,10,6,1,2,0,0,1,5,60333,90,0,0,77.42,31,0,380,中场,沃德·普劳斯,6.3,0,0,0,0,15,南安普顿,0,0,0,0
0,0,0,1,23,0,0,0,0,0,0,1,0,0,3,3,0,0,0,0,0,0,60341,2,0,0,100.0,5,0,6588,前腰,弗纳尔斯,6.3,0,0,0,0,16,西汉姆联,0,0,0,0
0,1,0,0,26,0,0,0,0,0,0,1,0,0,10,8,0,1,0,0,1,1,60333,22,0,0,85.71,14,0,6154,右边锋,林加德,6.28,0,0,2,0,2,曼联,0,0,1,0
0,1,0,0,24,0,0,3,1,2,3,1,0,0,12,11,4,3,0,0,0,1,60335,90,0,0,96.88,32,0,6157,前腰,格雷利什,6.27,0,0,2,0,7,阿斯顿维拉,0,1,1,1
0,2,0,1,23,0,0,0,1,0,2,1,0,0,11,10,1,1,0,1,1,2,60334,90,0,0,93.94,33,0,6900,中锋,乔林顿,6.27,0,0,2,0,4,纽卡斯尔,0,0,4,0
0,0,0,0,28,0,0,0,0,3,0,1,0,0,11,9,0,0,0,0,2,1,60335,19,0,0,88.24,17,0,11343,中场,霍里哈内,6.25,0,0,0,0,7,阿斯顿维拉,1,0,0,0
0,0,0,0,31,0,0,0,2,0,0,0,0,0,2,2,0,0,0,0,0,1,60333,13,0,0,71.43,7,0,386,中后卫,吉田麻也,6.24,0,0,0,0,15,南安普顿,0,1,0,0
0,0,0,0,27,0,0,0,0,0,0,0,0,0,3,2,0,0,0,0,0,0,60341,13,0,1,83.33,6,0,1625,中锋,德尔米奇,6.24,0,0,1,0,209,诺维奇,0,1,0,0
0,0,0,1,33,0,0,0,2,0,0,0,0,0,1,0,0,0,0,0,0,2,60339,4,0,0,81.82,11,0,1574,左后卫,富克斯,6.24,0,0,0,0,10,莱斯特城,0,0,0,0
0,1,0,0,28,0,0,1,0,0,1,1,0,0,1,1,0,0,0,0,0,1,60338,21,0,0,86.36,22,0,1828,中场,京多安,6.22,0,0,1,0,11,曼城,0,0,0,0
0,1,0,0,28,0,0,0,4,0,2,0,0,0,7,5,1,1,0,0,1,1,60335,59,0,0,81.82,11,0,918,右边锋,霍塔,6.22,0,0,0,0,7,阿斯顿维拉,0,0,1,0
0,0,0,2,22,0,0,0,0,0,0,0,0,0,4,2,0,0,0,0,0,0,60340,14,0,0,60.0,5,0,20703,中锋,莱文,6.21,0,0,1,0,14,埃弗顿,0,0,0,0
0,2,0,2,34,0,0,0,3,6,1,0,0,0,21,15,1,1,0,0,1,4,60333,90,0,0,82.61,69,0,51,左后卫,阿什利·扬,6.21,0,0,1,0,2,曼联,0,0,0,1
0,1,0,3,32,0,0,1,3,0,0,0,0,0,0,0,0,0,0,1,0,3,60336,90,0,0,88.57,35,0,73,中后卫,维尔通亨,6.21,0,0,0,0,3,热刺,0,0,0,0
0,0,0,1,31,0,0,0,0,0,1,0,0,0,13,9,1,0,0,1,0,1,60333,22,0,0,83.33,30,0,6,后腰,马蒂奇,6.2,0,0,2,0,2,曼联,0,0,0,0
0,0,0,1,23,0,1,0,0,0,2,0,0,0,3,3,1,0,0,0,1,0,60338,66,0,0,100.0,12,0,2809,中锋,尼尔·莫派,6.2,0,0,1,0,263,布莱顿,0,2,2,0
0,0,0,0,23,0,0,0,0,1,0,0,0,0,4,4,0,0,0,0,1,0,60334,19,0,0,100.0,5,0,6567,左边锋,苏克塞斯,6.19,0,0,1,1,207,沃特福德,0,0,1,0
0,1,0,0,30,0,0,0,2,0,1,1,0,0,4,3,2,0,0,0,2,1,60337,90,0,0,67.86,28,0,390,后腰,杰克·科克,6.18,0,0,0,0,20,伯恩利,0,2,2,0
0,0,0,0,25,0,0,0,1,2,0,0,0,0,5,3,0,0,0,1,0,2,60334,78,0,0,80.65,31,0,7134,右后卫,克拉夫特,6.18,0,0,0,0,4,纽卡斯尔,0,0,0,0
1,0,0,0,32,0,0,0,0,2,0,0,0,0,8,6,0,1,0,0,1,2,60341,19,0,0,82.35,17,0,464,右边锋,斯诺德格拉斯,6.18,0,0,1,1,16,西汉姆联,0,0,0,1
0,3,0,1,26,0,0,0,0,1,2,1,0,0,26,18,0,1,0,1,1,6,60341,90,0,0,83.53,85,0,1904,中场,莱特纳,6.17,0,0,0,0,209,诺维奇,0,2,2,0
0,0,0,2,31,0,0,0,0,0,1,0,0,0,1,0,1,0,0,0,0,2,60336,90,0,0,82.14,28,0,1809,中后卫,帕帕斯塔索普洛斯,6.17,0,0,0,0,12,阿森纳,0,3,1,1
0,0,0,0,23,0,0,1,0,0,0,0,0,0,1,1,1,1,0,0,0,0,60336,11,0,0,100.0,4,0,8490,中场,洛·塞尔索,6.17,0,0,0,0,3,热刺,0,1,0,0
1,1,0,0,26,0,0,0,2,2,0,0,0,0,7,3,1,1,0,0,0,2,60342,90,0,0,67.86,28,0,18139,右后卫,乔治·鲍多克,6.16,0,0,0,0,507,谢菲尔德联,0,1,1,0
0,1,0,0,28,0,0,0,0,0,0,3,0,0,8,7,2,0,0,0,0,2,60338,90,0,0,92.59,54,0,3834,中场,普罗佩尔,6.16,0,0,1,0,263,布莱顿,0,1,1,0
0,4,0,0,32,0,0,0,0,0,0,0,0,0,3,0,1,0,0,0,0,15,60339,90,0,0,63.33,30,0,243,门将,舒梅切尔,6.15,0,0,0,0,10,莱斯特城,0,0,0,0
0,0,0,2,23,0,0,0,0,1,0,0,0,0,8,6,0,0,0,1,1,0,60333,62,0,0,85.71,14,0,11227,中锋,切·亚当斯,6.15,0,0,1,0,15,南安普顿,0,0,2,0
0,0,0,0,31,0,0,0,0,0,0,0,0,0,3,2,0,3,0,0,0,0,60342,27,0,0,90.0,10,0,11267,中锋,麦克戈尔德里克,6.15,0,0,0,0,507,谢菲尔德联,0,1,1,0
1,1,0,0,24,0,1,0,1,1,0,0,0,0,3,3,0,0,0,1,1,1,60338,67,0,0,75.0,12,0,10909,左后卫,贝纳尔多,6.15,0,0,0,0,263,布莱顿,0,2,3,0
0,1,0,1,23,0,0,0,2,0,3,2,0,0,5,3,1,2,0,0,0,4,60336,90,1,0,70.27,37,0,9676,中后卫,达文森·桑切斯,6.13,0,0,0,0,3,热刺,0,1,3,1
0,6,0,1,30,0,0,0,2,1,0,0,0,0,16,6,1,2,0,4,1,15,60337,90,0,0,57.5,40,0,178,右后卫,马修·洛顿,6.12,0,0,0,0,20,伯恩利,1,1,2,0
0,0,0,0,17,0,0,0,0,2,1,0,0,0,1,1,0,0,0,0,0,0,60333,8,0,0,100.0,2,0,55834,中锋,梅森·格林伍德,6.12,0,0,1,1,2,曼联,0,0,0,0
0,0,0,0,21,0,0,0,0,1,0,0,0,0,5,5,0,0,0,0,0,0,60339,19,0,0,100.0,18,0,11279,后腰,哈姆扎·乔杜里,6.11,0,0,0,0,10,莱斯特城,0,0,0,0
0,4,0,1,21,0,0,1,3,0,0,0,0,0,3,2,0,0,0,1,0,4,60341,90,0,0,95.24,63,0,20673,中后卫,戈德弗雷,6.1,0,0,0,0,209,诺维奇,0,0,0,0
0,0,0,0,30,0,0,0,1,0,2,0,0,0,12,11,0,1,0,0,1,0,60336,23,0,0,93.33,15,0,1816,前腰,姆希塔良,6.09,0,0,1,0,12,阿森纳,0,0,2,0
0,1,1,0,29,0,1,1,0,3,1,0,0,0,15,9,1,2,0,1,1,6,60337,90,0,0,64.86,37,0,179,后腰,韦斯特伍德,6.09,0,0,0,0,20,伯恩利,1,2,1,0
0,1,0,2,27,0,0,0,1,1,1,1,0,0,9,5,1,2,0,2,0,6,60338,90,0,0,80.77,52,0,11142,中后卫,丹·伯恩,6.08,0,0,0,0,263,布莱顿,0,2,0,0
0,1,0,0,33,0,0,0,0,0,0,0,0,0,4,4,0,0,0,0,0,1,60341,5,0,0,100.0,6,0,974,后腰,卡洛斯·桑切斯,6.07,0,0,0,0,16,西汉姆联,0,0,0,0
0,0,0,1,30,0,0,0,0,1,0,0,0,0,0,0,0,0,0,0,0,0,60334,5,0,0,50.0,2,0,2064,中后卫,费尔南德斯,6.06,0,0,0,0,4,纽卡斯尔,0,0,0,0
0,0,0,0,30,0,0,0,0,0,0,1,0,0,2,2,0,0,0,0,0,0,60337,17,0,1,100.0,3,0,392,中锋,杰伊·罗德里格斯,6.06,0,0,1,1,20,伯恩利,0,0,1,0
0,3,0,2,24,0,0,0,5,0,2,1,0,0,5,4,1,0,0,1,0,6,60338,90,0,0,89.33,75,0,11250,中后卫,亚当·韦伯斯特,6.05,0,0,0,0,263,布莱顿,0,1,0,0
0,9,0,0,27,0,0,0,0,0,0,0,0,0,14,3,0,0,0,0,0,27,60337,90,0,0,37.93,29,0,10198,门将,尼克·波普,6.05,0,0,0,0,20,伯恩利,0,1,0,0
0,0,0,0,29,0,0,0,0,0,0,0,0,0,1,1,0,0,0,0,0,0,60335,11,0,0,100.0,8,0,338,中后卫,萨科,6.05,0,0,0,0,19,水晶宫,0,0,0,0
0,4,0,0,24,0,0,0,0,0,0,0,0,0,1,0,0,0,0,0,0,7,60342,90,0,0,91.67,36,0,597,门将,凯帕,6.04,0,0,0,0,1,切尔西,0,0,0,0
0,0,0,0,33,0,0,0,0,0,0,0,0,0,3,3,0,0,0,0,0,0,60339,11,0,0,100.0,9,0,6418,中场,安德鲁·苏尔曼,6.04,0,0,0,0,208,伯恩茅斯,0,0,1,0
0,1,0,0,22,0,0,0,0,1,1,0,0,0,5,4,0,0,0,1,0,1,60339,26,0,0,71.43,14,0,7783,中锋,索兰克,6.04,0,0,1,1,208,伯恩茅斯,0,0,3,0
0,1,0,0,28,0,0,0,0,0,0,0,0,0,3,3,0,1,0,0,0,1,60335,5,0,0,87.5,8,0,11065,中场,兰斯伯里,6.04,0,0,0,0,7,阿斯顿维拉,0,1,1,0
0,0,0,0,27,0,0,0,0,0,0,0,0,0,0,0,0,0,0,0,0,0,60337,5,0,0,66.67,3,0,1553,右边锋,沙奇里,6.03,0,0,1,0,13,利物浦,0,0,0,0
0,0,0,0,24,0,0,0,0,0,0,0,0,0,3,2,1,1,0,0,0,0,60337,5,0,0,80.0,5,0,3047,中锋,奥里吉,6.02,0,0,0,0,13,利物浦,0,0,0,0
0,0,0,2,29,0,0,0,0,0,1,1,0,0,6,2,4,3,0,0,0,0,60337,73,0,1,52.94,17,0,516,中锋,阿什利·巴恩斯,6.01,0,0,2,0,20,伯恩利,0,0,2,0
0,2,0,0,29,0,0,0,1,0,1,1,0,0,8,3,0,2,0,1,0,5,60338,90,0,0,88.14,59,0,11007,中场,戴尔·史蒂芬斯,5.99,0,0,0,0,263,布莱顿,0,2,1,0
0,0,0,0,27,0,0,0,0,0,0,0,0,0,0,0,0,0,0,0,0,0,60334,8,0,0,66.67,3,0,6926,中锋,武藤嘉纪,5.97,0,0,1,0,4,纽卡斯尔,0,0,2,0
0,0,0,0,18,0,0,0,0,0,2,1,0,0,1,1,1,1,0,0,0,0,60342,6,0,0,71.43,7,0,64864,中场,比利·吉尔莫,5.97,0,0,0,0,1,切尔西,0,0,1,0
0,3,0,1,25,0,0,0,0,2,3,1,0,0,16,12,1,0,0,1,1,4,60338,90,0,1,86.11,36,0,11011,左中场,所罗门·马奇,5.95,0,0,1,0,263,布莱顿,1,0,2,0
0,0,0,1,28,0,0,0,0,0,2,0,0,0,1,1,0,0,0,0,0,0,60335,4,0,1,100.0,1,0,184,中锋,本特克,5.95,0,0,1,0,19,水晶宫,0,0,1,0
0,1,0,0,22,0,0,0,0,2,1,0,0,0,7,5,0,1,0,1,1,1,60339,64,0,0,85.71,21,0,20744,右边锋,哈里·威尔逊,5.93,0,0,1,0,208,伯恩茅斯,0,0,3,0
0,0,0,0,22,0,0,0,0,0,1,0,0,0,1,1,1,0,0,0,0,0,60340,22,0,0,100.0,7,0,7613,左边锋,迪奥戈·若塔,5.92,0,0,0,0,269,狼队,0,0,1,0
0,0,0,1,25,0,0,0,0,0,0,0,0,0,1,1,0,0,0,0,0,1,60342,7,0,0,80.0,5,0,2724,中锋,巴舒亚伊,5.92,0,0,0,0,1,切尔西,0,0,1,0
0,1,0,0,23,0,0,0,1,0,0,0,0,0,5,5,1,0,0,0,0,2,60336,30,0,0,83.33,12,0,6297,前腰,阿里,5.92,0,0,0,0,3,热刺,0,0,1,0
0,0,0,1,30,0,0,0,2,3,0,2,1,1,17,16,1,0,0,0,1,0,60340,90,1,0,96.15,52,0,355,右后卫,科尔曼,5.92,0,0,1,0,14,埃弗顿,0,1,1,0
0,0,0,0,28,0,0,0,0,3,0,0,0,0,3,2,1,1,0,0,0,0,60338,16,0,0,87.5,8,0,7001,中场,格罗斯,5.91,0,0,0,0,263,布莱顿,0,0,0,0
0,2,0,2,21,0,0,1,7,1,1,0,1,1,1,1,0,0,0,4,0,5,60339,90,1,0,89.19,37,0,21123,中后卫,梅珀姆,5.9,0,0,0,0,208,伯恩茅斯,0,2,1,0
0,2,0,0,26,0,0,1,1,0,1,0,0,0,3,2,0,0,0,0,0,2,60341,36,1,0,83.33,18,0,23703,中后卫,齐默曼,5.9,0,0,0,0,209,诺维奇,0,0,0,0
0,0,0,0,35,0,0,0,0,0,0,0,0,0,2,1,0,0,0,0,0,0,60338,23,0,0,50.0,4,0,480,中锋,格伦·穆雷,5.89,0,0,0,0,263,布莱顿,0,0,0,0
0,0,0,0,27,0,0,0,0,0,1,0,0,0,1,1,0,1,0,0,0,0,60333,19,0,0,100.0,4,0,18666,中场,阿姆斯特朗,5.89,0,0,0,0,15,南安普顿,0,1,1,1
0,0,0,0,25,0,0,0,0,2,3,0,0,0,5,3,0,0,0,0,0,0,60334,8,0,0,71.43,7,0,798,右边锋,德乌洛费乌,5.88,0,0,0,0,207,沃特福德,0,0,0,0
0,1,0,0,24,0,0,0,0,0,0,0,0,0,8,6,0,0,0,0,0,2,60334,19,0,0,82.35,17,0,6164,后腰,查洛巴,5.88,0,0,1,0,207,沃特福德,0,0,1,0
0,0,0,0,21,0,0,0,0,0,2,1,0,0,8,5,4,1,0,0,0,2,60341,78,0,1,78.79,33,0,26634,左中场,坎特维尔,5.86,0,0,2,0,209,诺维奇,0,1,0,0
0,0,0,0,19,0,0,0,0,0,0,0,0,0,1,1,0,0,0,0,0,0,60338,24,0,2,100.0,2,0,25572,中锋,阿隆·康诺利,5.86,0,0,0,0,263,布莱顿,0,0,0,0
0,1,0,0,19,0,0,0,0,0,0,0,0,0,0,0,0,1,0,0,0,1,60340,6,0,0,100.0,2,0,22239,右边锋,佩德罗·内托,5.83,0,0,0,0,269,狼队,0,0,2,1
0,2,0,0,32,0,0,0,2,1,1,0,0,0,9,6,1,1,0,0,0,4,60337,90,0,0,72.22,18,0,69,右边锋,列侬,5.81,0,0,0,0,20,伯恩利,0,1,0,0
0,0,0,2,21,1,0,0,0,3,0,2,0,0,13,9,0,3,0,2,1,2,60333,73,0,0,77.78,27,0,20809,中后卫,凯文·丹索,5.69,1,0,0,0,15,南安普顿,0,1,2,2
0,2,0,0,21,0,0,0,0,0,0,0,0,0,2,0,0,0,0,0,0,13,60339,90,0,0,30.0,20,0,17829,门将,拉姆斯代尔,5.63,0,0,0,0,208,伯恩茅斯,0,0,0,0
0,3,0,0,27,0,0,0,2,0,0,0,0,0,0,0,0,0,0,0,0,6,60338,90,0,0,92.11,38,0,6510,门将,马修·瑞安,5.54,0,0,0,0,263,布莱顿,0,0,0,0
0,4,0,3,26,0,0,1,6,0,0,0,1,1,5,1,0,0,0,0,0,8,60342,90,0,0,85.71,49,0,11164,中后卫,约翰·伊根,5.51,0,0,0,0,507,谢菲尔德联,0,0,2,0
0,8,0,0,31,0,0,0,0,0,0,0,1,1,0,0,0,0,0,0,0,15,60340,90,0,0,50.0,16,0,3269,门将,帕特里西奥,5.41,0,0,0,0,269,狼队,0,0,0,0
0,0,0,1,27,0,0,0,0,0,1,0,0,0,7,3,1,1,0,0,1,1,60337,90,0,3,64.29,14,0,266,中锋,克里斯·伍德,5.37,0,0,1,1,20,伯恩利,0,0,1,0
0,3,0,1,29,0,0,4,4,0,0,0,1,1,1,0,2,0,0,1,0,6,60337,90,1,0,64.52,31,0,497,中后卫,本·米,5.36,0,0,0,0,20,伯恩利,0,0,0,0
0,2,0,0,27,0,0,0,2,0,0,0,0,0,8,3,1,0,0,1,0,10,60338,90,1,0,82.98,94,0,11000,中后卫,刘易斯·邓克,5.3,0,0,0,0,263,布莱顿,0,0,2,1
0,0,0,0,24,0,0,0,1,0,1,2,0,0,6,3,2,3,0,0,0,0,60335,54,0,0,66.67,9,0,11800,左边锋,特雷泽盖,5.22,1,0,3,1,7,阿斯顿维拉,0,0,1,2
0,5,0,0,26,0,0,1,2,0,0,0,1,1,9,3,0,0,0,0,1,13,60340,90,0,0,62.07,29,0,11125,中后卫,康诺·考迪,5.15,0,0,0,0,269,狼队,0,2,0,0
